time;input_1;input_2
0;0.2;0.2
0.05;0.2;0.2
0.1;0.2;0.2
0.15;0.2;0.2
0.2;0.2;0.2
0.25;0.2;0.2
0.3;0.2;0.2
0.35;0.2;0.2
0.4;0.2;0.2
0.45;0.2;0.2
0.5;0.2;0.2
0.55;0.2;0.2
0.6;0.2;0.2
0.65;0.2;0.2
0.7;0.2;0.2
0.75;0.2;0.2
0.8;0.2;0.2
0.85;0.2;0.2
0.9;0.2;0.2
0.95;0.2;0.2
1;0.2;0.2
1.05;0.2;0.2
1.1;0.2;0.2
1.15;0.2;0.2
1.2;0.2;0.2
1.25;0.2;0.2
1.3;0.2;0.2
1.35;0.2;0.2
1.4;0.2;0.2
1.45;0.2;0.2
1.5;0.2;0.2
1.55;0.2;0.2
1.6;0.2;0.2
1.65;0.2;0.2
1.7;0.2;0.2
1.75;0.2;0.2
1.8;0.2;0.2
1.85;0.2;0.2
1.9;0.2;0.2
1.95;0.2;0.2
2;0.2;0.2
2.05;0.2;0.2
2.1;0.2;0.2
2.15;0.2;0.2
2.2;0.2;0.2
2.25;0.2;0.2
2.3;0.2;0.2
2.35;0.2;0.2
2.4;0.2;0.2
2.45;0.2;0.2
2.5;0.2;0.2
2.55;0.2;0.2
2.6;0.2;0.2
2.65;0.2;0.2
2.7;0.2;0.2
2.75;0.2;0.2
2.8;0.2;0.2
2.85;0.2;0.2
2.9;0.2;0.2
2.95;0.2;0.2
3;0.2;0.2
3.05;0.2;0.2
3.1;0.2;0.2
3.15;0.2;0.2
3.2;0.2;0.2
3.25;0.2;0.2
3.3;0.2;0.2
3.35;0.2;0.2
3.4;0.2;0.2
3.45;0.2;0.2
3.5;0.2;0.2
3.55;0.2;0.2
3.6;0.2;0.2
3.65;0.2;0.2
3.7;0.2;0.2
3.75;0.2;0.2
3.8;0.2;0.2
3.85;0.2;0.2
3.9;0.2;0.2
3.95;0.2;0.2
4;0.2;0.2
4.05;0.2;0.2
4.1;0.2;0.2
4.15;0.2;0.2
4.2;0.2;0.2
4.25;0.2;0.2
4.3;0.2;0.2
4.35;0.2;0.2
4.4;0.2;0.2
4.45;0.2;0.2
4.5;0.2;0.2
4.55;0.2;0.2
4.6;0.2;0.2
4.65;0.2;0.2
4.7;0.2;0.2
4.75;0.2;0.2
4.8;0.2;0.2
4.85;0.2;0.2
4.9;0.2;0.2
4.95;0.2;0.2
5;0.2;0.2
5.05;0.2;0.2
5.1;0.2;0.2
5.15;0.2;0.2
5.2;0.2;0.2
5.25;0.2;0.2
5.3;0.2;0.2
5.35;0.2;0.2
5.4;0.2;0.2
5.45;0.2;0.2
5.5;0.2;0.2
5.55;0.2;0.2
5.6;0.2;0.2
5.65;0.2;0.2
5.7;0.2;0.2
5.75;0.2;0.2
5.8;0.2;0.2
5.85;0.2;0.2
5.9;0.2;0.2
5.95;0.2;0.2
6;0.2;0.2
6.05;0.2;0.2
6.1;0.2;0.2
6.15;0.2;0.2
6.2;0.2;0.2
6.25;0.2;0.2
6.3;0.2;0.2
6.35;0.2;0.2
6.4;0.2;0.2
6.45;0.2;0.2
6.5;0.2;0.2
6.55;0.2;0.2
6.6;0.2;0.2
6.65;0.2;0.2
6.7;0.2;0.2
6.75;0.2;0.2
6.8;0.2;0.2
6.85;0.2;0.2
6.9;0.2;0.2
6.95;0.2;0.2
7;0.2;0.2
7.05;0.2;0.2
7.1;0.2;0.2
7.15;0.2;0.2
7.2;0.2;0.2
7.25;0.2;0.2
7.3;0.2;0.2
7.35;0.2;0.2
7.4;0.2;0.2
7.45;0.2;0.2
7.5;0.2;0.2
7.55;0.2;0.2
7.6;0.2;0.2
7.65;0.2;0.2
7.7;0.2;0.2
7.75;0.2;0.2
7.8;0.2;0.2
7.85;0.2;0.2
7.9;0.2;0.2
7.95;0.2;0.2
8;0.2;0.2
8.05;0.2;0.2
8.1;0.2;0.2
8.15;0.2;0.2
8.2;0.2;0.2
8.25;0.2;0.2
8.3;0.2;0.2
8.35;0.2;0.2
8.4;0.2;0.2
8.45;0.2;0.2
8.5;0.2;0.2
8.55;0.2;0.2
8.6;0.2;0.2
8.65;0.2;0.2
8.7;0.2;0.2
8.75;0.2;0.2
8.8;0.2;0.2
8.85;0.2;0.2
8.9;0.2;0.2
8.95;0.2;0.2
9;0.2;0.2
9.05;0.2;0.2
9.1;0.2;0.2
9.15;0.2;0.2
9.2;0.2;0.2
9.25;0.2;0.2
9.3;0.2;0.2
9.35;0.2;0.2
9.4;0.2;0.2
9.45;0.2;0.2
9.5;0.2;0.2
9.55;0.2;0.2
9.6;0.2;0.2
9.65;0.2;0.2
9.7;0.2;0.2
9.75;0.2;0.2
9.8;0.2;0.2
9.85;0.2;0.2
9.9;0.2;0.2
9.95;0.2;0.2
10;0.2;0.2
10.05;0.2;0.2
10.1;0.2;0.2
10.15;0.2;0.2
10.2;0.2;0.2
10.25;0.2;0.2
10.3;0.2;0.2
10.35;0.2;0.2
10.4;0.2;0.2
10.45;0.2;0.2
10.5;0.2;0.2
10.55;0.2;0.2
10.6;0.2;0.2
10.65;0.2;0.2
10.7;0.2;0.2
10.75;0.2;0.2
10.8;0.2;0.2
10.85;0.2;0.2
10.9;0.2;0.2
10.95;0.2;0.2
11;0.2;0.2
11.05;0.2;0.2
11.1;0.2;0.2
11.15;0.2;0.2
11.2;0.2;0.2
11.25;0.2;0.2
11.3;0.2;0.2
11.35;0.2;0.2
11.4;0.2;0.2
11.45;0.2;0.2
11.5;0.2;0.2
11.55;0.2;0.2
11.6;0.2;0.2
11.65;0.2;0.2
11.7;0.2;0.2
11.75;0.2;0.2
11.8;0.2;0.2
11.85;0.2;0.2
11.9;0.2;0.2
11.95;0.2;0.2
12;0.2;0.2
12.05;0.2;0.2
12.1;0.2;0.2
12.15;0.2;0.2
12.2;0.2;0.2
12.25;0.2;0.2
12.3;0.2;0.2
12.35;0.2;0.2
12.4;0.2;0.2
12.45;0.2;0.2
12.5;0.2;0.2
12.55;0.2;0.2
12.6;0.2;0.2
12.65;0.2;0.2
12.7;0.2;0.2
12.75;0.2;0.2
12.8;0.2;0.2
12.85;0.2;0.2
12.9;0.2;0.2
12.95;0.2;0.2
13;0.2;0.2
13.05;0.2;0.2
13.1;0.2;0.2
13.15;0.2;0.2
13.2;0.2;0.2
13.25;0.2;0.2
13.3;0.2;0.2
13.35;0.2;0.2
13.4;0.2;0.2
13.45;0.2;0.2
13.5;0.2;0.2
13.55;0.2;0.2
13.6;0.2;0.2
13.65;0.2;0.2
13.7;0.2;0.2
13.75;0.2;0.2
13.8;0.2;0.2
13.85;0.2;0.2
13.9;0.2;0.2
13.95;0.2;0.2
14;0.2;0.2
14.05;0.2;0.2
14.1;0.2;0.2
14.15;0.2;0.2
14.2;0.2;0.2
14.25;0.2;0.2
14.3;0.2;0.2
14.35;0.2;0.2
14.4;0.2;0.2
14.45;0.2;0.2
14.5;0.2;0.2
14.55;0.2;0.2
14.6;0.2;0.2
14.65;0.2;0.2
14.7;0.2;0.2
14.75;0.2;0.2
14.8;0.2;0.2
14.85;0.2;0.2
14.9;0.2;0.2
14.95;0.2;0.2
15;0.2;0.2
15.05;0.2;0.2
15.1;0.2;0.2
15.15;0.2;0.2
15.2;0.2;0.2
15.25;0.2;0.2
15.3;0.2;0.2
15.35;0.2;0.2
15.4;0.2;0.2
15.45;0.2;0.2
15.5;0.2;0.2
15.55;0.2;0.2
15.6;0.2;0.2
15.65;0.2;0.2
15.7;0.2;0.2
15.75;0.2;0.2
15.8;0.2;0.2
15.85;0.2;0.2
15.9;0.2;0.2
15.95;0.2;0.2
16;0.2;0.2
16.05;0.2;0.2
16.1;0.2;0.2
16.15;0.2;0.2
16.2;0.2;0.2
16.25;0.2;0.2
16.3;0.2;0.2
16.35;0.2;0.2
16.4;0.2;0.2
16.45;0.2;0.2
16.5;0.2;0.2
16.55;0.2;0.2
16.6;0.2;0.2
16.65;0.2;0.2
16.7;0.2;0.2
16.75;0.2;0.2
16.8;0.2;0.2
16.85;0.2;0.2
16.9;0.2;0.2
16.95;0.2;0.2
17;0.2;0.2
17.05;0.2;0.2
17.1;0.2;0.2
17.15;0.2;0.2
17.2;0.2;0.2
17.25;0.2;0.2
17.3;0.2;0.2
17.35;0.2;0.2
17.4;0.2;0.2
17.45;0.2;0.2
17.5;0.2;0.2
17.55;0.2;0.2
17.6;0.2;0.2
17.65;0.2;0.2
17.7;0.2;0.2
17.75;0.2;0.2
17.8;0.2;0.2
17.85;0.2;0.2
17.9;0.2;0.2
17.95;0.2;0.2
18;0.2;0.2
18.05;0.2;0.2
18.1;0.2;0.2
18.15;0.2;0.2
18.2;0.2;0.2
18.25;0.2;0.2
18.3;0.2;0.2
18.35;0.2;0.2
18.4;0.2;0.2
18.45;0.2;0.2
18.5;0.2;0.2
18.55;0.2;0.2
18.6;0.2;0.2
18.65;0.2;0.2
18.7;0.2;0.2
18.75;0.2;0.2
18.8;0.2;0.2
18.85;0.2;0.2
18.9;0.2;0.2
18.95;0.2;0.2
19;0.2;0.2
19.05;0.2;0.2
19.1;0.2;0.2
19.15;0.2;0.2
19.2;0.2;0.2
19.25;0.2;0.2
19.3;0.2;0.2
19.35;0.2;0.2
19.4;0.2;0.2
19.45;0.2;0.2
19.5;0.2;0.2
19.55;0.2;0.2
19.6;0.2;0.2
19.65;0.2;0.2
19.7;0.2;0.2
19.75;0.2;0.2
19.8;0.2;0.2
19.85;0.2;0.2
19.9;0.2;0.2
19.95;0.2;0.2
19.9999500000002;0.2;0.2
20.0255088914562;0.2;0.2
20.0510677829122;0.199634480019639;0.198658465493508
20.0766266743682;0.199552219487766;0.197436090690323
20.1021855658242;0.199562356756754;0.19634881387849
20.1277444572802;0.199615859034175;0.195356262398313
20.1533033487362;0.199684914533654;0.194442200750491
20.1788622401922;0.199754662803952;0.193606102877606
20.2044211316482;0.199817675602951;0.192858023217597
20.2299800231042;0.199870803217594;0.192215924708077
20.2555389145602;0.199913248389906;0.19170406788278
20.2810978060162;0.199945285596779;0.191351343671382
20.3066566974722;0.199967396544408;0.191188219087376
20.3322155889282;0.199979942722765;0.191240613725716
20.3577744803842;0.199983878910209;0.191519541326075
20.3833333718402;0.199981298723443;0.19200690367847
20.4088922632963;0.199971252893954;0.192642024230221
20.4344511547523;0.199955168977149;0.193336758837778
20.4600100462083;0.199940771273514;0.194007348770541
20.4855689376643;0.199933481448619;0.194591982318218
20.5111278291203;0.199933287770187;0.195055831200497
20.5366867205763;0.199937495239956;0.195386687418977
20.5622456120323;0.199943403724493;0.195586451783274
20.5878045034883;0.199949241761057;0.195663580765074
20.6133633949443;0.199954120524897;0.195628365657967
20.6389222864003;0.199957733007886;0.19549062948241
20.6644811778563;0.19996008938992;0.195258890064285
20.6900400693123;0.199961345994581;0.19494025083995
20.7155989607683;0.199961709207898;0.194540586983444
20.7411578522243;0.199961385837833;0.194064810267984
20.7667167436803;0.199960559813848;0.193517119025132
20.7922756351363;0.199959384026757;0.192901201506235
20.8178345265923;0.19995798138494;0.192220388725307
20.8433934180483;0.199956451428987;0.191477763303292
20.8689523095043;0.199954879621253;0.190676233346233
20.8945112009603;0.199953347467449;0.18981858026632
20.9200700924163;0.199951931419547;0.188907494238844
20.9456289838723;0.199950717289246;0.187945580066207
20.9711878753283;0.199949803635592;0.186935363067514
20.9967467667843;0.199949300787599;0.185879289085846
21.0223056582403;0.199949321206682;0.18477971506238
21.0478645496963;0.199949954685752;0.183638884056881
21.0734234411523;0.199951227307236;0.182458883343247
21.0989823326083;0.199953062948199;0.181241605084681
21.1245412240643;0.199955278887433;0.179988743663973
21.1501001155203;0.199957619916856;0.178701835623048
21.1756590069763;0.199959802701582;0.177382312409293
21.2012178984323;0.199961548214602;0.176031541240891
21.2267767898883;0.199962604801448;0.174650855718654
21.2523356813443;0.19996277696187;0.173241592206313
21.2778945728003;0.199961963389412;0.171805136191737
21.3034534642563;0.199960185666853;0.170342958225866
21.3290123557123;0.199957586927641;0.168856615833123
21.3545712471683;0.199954399198406;0.167347719090839
21.3801301386243;0.199950896007741;0.165817878177718
21.4056890300803;0.199947348805568;0.164268654178813
21.4312479215363;0.199943996693406;0.162701524528846
21.4568068129923;0.199941029994272;0.161117864159642
21.4823657044483;0.19993858425884;0.159518938703461
21.5079245959043;0.199936741097898;0.157905905724364
21.5334834873603;0.199935533163753;0.156279820958318
21.5590423788163;0.199934951431552;0.154641647459056
21.5846012702723;0.199934953495091;0.152992266166675
21.6101601617283;0.199935472004461;0.151332486869897
21.6357190531843;0.199936422690097;0.14966305888763
21.6612779446403;0.199937711649141;0.147984681057844
21.6868368360963;0.199939241722119;0.146298010796219
21.7123957275523;0.199940917879434;0.144603672090299
21.7379546190083;0.199942651587292;0.142902262349678
21.7635135104643;0.199944364148884;0.141194358057857
21.7890724019203;0.199945989033017;0.139480519184755
21.8146312933763;0.199947473217913;0.137761292332896
21.8401901848323;0.199948777600402;0.136037212615537
21.8657490762883;0.199949876551777;0.134308804306778
21.8913079677443;0.199950756740939;0.132576580363027
21.9168668592003;0.199951415387506;0.130841040985754
21.9424257506563;0.19995185814429;0.129102671467236
21.9679846421123;0.199952096831521;0.127361939619018
21.9935435335683;0.199952147245627;0.125619293114007
22.0191024250244;0.199952027241595;0.123875157067595
22.0446613164804;0.199951755240238;0.122129932139247
22.0702202079364;0.19995134924914;0.120383993359627
22.0957790993924;0.199950826415796;0.118637689792826
22.1213379908484;0.199950203068084;0.116891345042732
22.1468968823044;0.199949495143953;0.115145258521155
22.1724557737604;0.199948718876145;0.113399707319041
22.1980146652164;0.199947891575947;0.11165494846395
22.2235735566724;0.199947032351332;0.109911221303511
22.2491324481284;0.199946162598478;0.108168749727519
22.2746913395844;0.199945306124316;0.10642774393935
22.3002502310404;0.199944488799825;0.104688401525733
22.3258091224964;0.199943737710065;0.102950907664356
22.3513680139524;0.199943079854398;0.101215434451515
22.3769269054084;0.199942540547087;0.0994821395150744
22.4024857968644;0.199942141755994;0.0977511642696107
22.4280446883204;0.199941900662113;0.0960226323097199
22.4536035797764;0.19994182869609;0.0942966484543667
22.4791624712324;0.199941931207004;0.0925732988222778
22.5047213626884;0.199942207774165;0.0908526520760071
22.5302802541444;0.199942653035209;0.0891347617043813
22.5558391456004;0.199943257813819;0.0874196690027367
22.5813980370564;0.199944010306631;0.085707406312942
22.6069569285124;0.199944897128458;0.0839980001098902
22.6325158199684;0.1999459040903;0.0822914736332868
22.6580747114244;0.199947016664619;0.0805878489058523
22.6836336028804;0.199948220154766;0.0788871481044315
22.7091924943364;0.199949499622605;0.0771893943368812
22.7347513857924;0.199950839643574;0.0754946119252376
22.7603102772484;0.199952223958065;0.0738028263137573
22.7858691687044;0.199953635080673;0.0721140637199811
22.8114280601604;0.19995505391708;0.0704283506374455
22.8369869516164;0.199956459427507;0.0687457132864725
22.8625458430724;0.199957828366109;0.0670661770998321
22.8881047345284;0.199959135119593;0.0653897663260011
22.9136636259844;0.199960351665251;0.0637165038358663
22.9392225174404;0.199961447666663;0.0620464112284966
22.9647814088964;0.199962390725954;0.0603795093454748
22.9903403003524;0.1999631468095;0.0587158193166387
23.0158991918084;0.199963680858976;0.0570553642655137
23.0414580832644;0.199963957589744;0.0553981717923253
23.0670169747204;0.199963942461488;0.0537442773189634
23.0925758661764;0.199963602783722;0.0520937283214506
23.1181347576324;0.199962908895336;0.0504465893976148
23.1436936490884;0.199961835338366;0.048802948037999
23.1692525405444;0.199960361939256;0.0471629209114757
23.1948114320004;0.199958474719275;0.0455266604675576
23.2203703234564;0.199956166579864;0.0438943617069681
23.2459292149124;0.199953437742053;0.0422662690749702
23.2714881063684;0.199950295953534;0.0406426835677644
23.2970469978244;0.199946756504281;0.0390239702869594
23.3226058892804;0.199942842107927;0.0374105668154633
23.3481647807364;0.199938582711087;0.0358029929197398
23.3737236721924;0.199934015289551;0.0342018622247686
23.3992825636484;0.199929183685428;0.0326078966932882
23.4248414551044;0.199924138536571;0.0310219450224674
23.4504003465604;0.199918937356564;0.0294450065298114
23.4759592380164;0.1999136448428;0.0278782628479859
23.5015181294724;0.199908333520073;0.0263231209156445
23.5270770209284;0.199903084848953;0.0247812724017862
23.5526359123844;0.199897990886438;0.023254776599521
23.5781948038404;0.199893156369497;0.0217461749731457
23.6037536952964;0.199888700537469;0.0202586435586178
23.6293125867524;0.199884757001009;0.0187961803623219
23.6548714782084;0.199881468703431;0.0173638050404452
23.6804303696645;0.199878974357207;0.0159677191843114
23.7059892611205;0.19987738412128;0.014615351195721
23.7315481525765;0.199876746607725;0.0133152136602732
23.7571070440325;0.199877015094793;0.0120765470111064
23.7826659354885;0.199878024217368;0.0109087918669253
23.8082248269445;0.199879486372177;0.0098209803247499
23.8337837184005;0.199881010634669;0.00882113697727172
23.8593426098565;0.199882140120034;0.00791574654923672
23.8849015013125;0.199882399596476;0.00710930940070402
23.9104603927685;0.199881344278652;0.00640399034022817
23.9360192842245;0.199878601973889;0.00579937193879608
23.9615781756805;0.199873902957552;0.0052923404765907
23.9871370671365;0.199867094530487;0.00487714672720964
24.0126959585925;0.199858139936369;0.00454568142605931
24.0382548500485;0.199847103927716;0.00428797755463061
24.0638137415045;0.199834129293336;0.00409290098406368
24.0893726329605;0.199819409571121;0.00394893610802212
24.1149315244165;0.199803162756817;0.00384494172906318
24.1404904158725;0.199785609381635;0.00377076314116344
24.1660493073285;0.199766956529262;0.00371763335959134
24.1916081987845;0.199747387822379;0.00367835481690624
24.2171670902405;0.199727058452596;0.00364729763740585
24.2427259816965;0.19970609394909;0.00362027113388495
24.2682848731525;0.199684591402931;0.00359432487267148
24.2938437646085;0.199662622088755;0.0035675239474695
24.3194026560645;0.199640234709558;0.00353872841317008
24.3449615475205;0.199617458755036;0.0035073939860845
24.3705204389765;0.19959430767561;0.00347340178765474
24.3960793304325;0.199570781726741;0.00343691896522471
24.4216382218885;0.199546870436641;0.00339828865774497
24.4471971133445;0.199522554707264;0.00335794612278266
24.4727560048005;0.199497808586303;0.00331635722399373
24.4983148962565;0.199472600756197;0.00327397543455835
24.5238737877125;0.199446895785401;0.00323121375950516
24.5494326791685;0.199420655180864;0.00318842835652799
24.5749915706245;0.199393838273987;0.0031459110546568
24.6005504620805;0.199366402965826;0.00310388838930068
24.6261093535365;0.199338306352427;0.00306252516994596
24.6516682449925;0.199309505247301;0.00302193096416535
24.6772271364485;0.199279956615506;0.00298216821414994
24.7027860279045;0.199249617932051;0.00294326099821173
24.7283449193605;0.199218447476056;0.00290520370844447
24.7539038108165;0.199186404571026;0.00286796913688068
24.7794627022725;0.199153449780976;0.0028315156467352
24.8050215937285;0.199119545071443;0.00279579325389789
24.8305804851845;0.199084653943505;0.0027607485592671
24.8561393766405;0.199048741548644;0.00272632855793627
24.8816982680965;0.19901177479117;0.00269248341039546
24.9072571595525;0.1989737224248;0.00265916829805671
24.9328160510085;0.198934555148722;0.00262634450461115
24.9583749424645;0.198894245708617;0.0025939798702367
24.9839338339205;0.198852769006784;0.00256204876094016
25.0094927253765;0.198810102225618;0.00253053168376365
25.0350516168325;0.198766224968116;0.00249941466281271
25.0606105082885;0.198721119418389;0.00246868847305355
25.0861693997445;0.198674770525405;0.00243834781054508
25.1117282912005;0.198627166212678;0.00240839045998758
25.1372871826565;0.198578297616712;0.0023788165043107
25.1628460741125;0.19852815935659;0.00234962760671112
25.1884049655685;0.19847674983799;0.00232082638345304
25.2139638570245;0.198424071594173;0.00229241587590993
25.2395227484805;0.198370131667257;0.00226439912244717
25.2650816399366;0.198314942033478;0.00223677882504434
25.2906405313926;0.198258520076123;0.00220955710134166
25.3161994228486;0.198200889110983;0.00218273531020997
25.3417583143046;0.198142078969066;0.00215631393741498
25.3673172057606;0.19808212664259;0.00213029252749699
25.3928760972166;0.198021077000788;0.00210466964819485
25.4184349886726;0.197958983583128;0.00207944287456571
25.4439938801286;0.197895909478456;0.00205460878113525
25.4695527715846;0.197831928299963;0.00203016293202427
25.4951116630406;0.197767125267207;0.00200609986081972
25.5206705544966;0.1977015984079;0.00198241303411506
25.5462294459526;0.1976354598942;0.00195909479522183
25.5717883374086;0.197568837530192;0.00193613628752309
25.5973472288646;0.197501876409591;0.00191352736064101
25.6229061203206;0.197434740765634;0.00189125646706324
25.6484650117766;0.19736761603805;0.00186931056243305
25.6740239032326;0.197300711185846;0.00184767502940606
25.6995827946886;0.197234261278513;0.00182633365309702
25.7251416861446;0.197168530403182;0.00180526868538238
25.7507005776006;0.197103814930417;0.00178446104553199
25.7762594690566;0.197040447187624;0.00176389071488407
25.8018183605126;0.196978799595509;0.00174353739184487
25.8273772519686;0.196919289330817;0.00172338147780829
25.8529361434246;0.196862383586747;0.0017034054600518
25.8784950348806;0.196808605511397;0.0016835957375938
25.9040539263366;0.196758540914105;0.00166394489037372
25.9296128177926;0.196712845839133;0.00164445430694014
25.9551717092486;0.196672255115771;0.00162513694177505
25.9807306007046;0.196637592002863;0.0016060197455959
26.0062894921606;0.196609779052283;0.00158714496969702
26.0318483836166;0.196589850321023;0.00156856905423656
26.0574072750726;0.196578965061014;0.0015503571369918
26.0829661665286;0.196578423010511;0.00153257034208386
26.1085250579846;0.196589681398536;0.00151524193567456
26.1340839494406;0.196614373754251;0.00149833723492297
26.1596428408966;0.19665433059083;0.00148169099523148
26.1852017323526;0.196711602021076;0.00146491520176064
26.2107606238086;0.196788482396873;0.00144727030149004
26.2363195152646;0.196887537239552;0.0014274947988599
26.2618784067206;0.197011633294188;0.00140359317095495
26.2874372981766;0.197163974200402;0.00137259260038969
26.3129961896326;0.197348149315071;0.00133030006168415
26.3385550810886;0.197568220689417;0.00127113707381592
26.3641139725446;0.1978289511867;0.00118826129712831
26.3896728640006;0.198136825610289;0.00107489988260512
26.4152317554566;0.198578209192563;0.00113645497631597
26.4407906469126;0.198949903583513;0.00114925649147213
26.4663495383686;0.199254076954224;0.00114127004880249
26.4919084298246;0.199495611384312;0.00112666630059195
26.5174673212806;0.199680626144767;0.00111186601619486
26.5430262127366;0.199815904865604;0.00109921514322123
26.5685851041926;0.199908468177472;0.00108907434510137
26.5941439956486;0.199965223729107;0.0010809694402149
26.6197028871046;0.199992696972892;0.00107421572501651
26.6452617785606;0.199997279285691;0.00106857554010664
26.6708206700166;0.199991075888933;0.00107025829802179
26.6963795614726;0.199971454258224;0.00107228093130467
26.7219384529286;0.199941653416461;0.00107409801701501
26.7474973443846;0.199904603906228;0.00107561423722757
26.7730562358406;0.199862704472246;0.00107684823028837
26.7986151272966;0.199817882296945;0.00107786942496587
26.8241740187526;0.199771658735222;0.00107877315990484
26.8497329102086;0.199725214234249;0.00107966729671981
26.8752918016646;0.199679447628863;0.00108066445464432
26.9008506931207;0.199635027872547;0.00108187766139774
26.9264095845767;0.199592438085206;0.00108341814374991
26.9519684760327;0.199552012512733;0.00108539435988709
26.9775273674887;0.19951396722654;0.00108791163118728
27.0030862589447;0.199478425426101;0.00109107194668181
27.0286451504007;0.199445438159325;0.00109497369801351
27.0542040418567;0.199415001193019;0.00109971125005924
27.0797629333127;0.199387068673759;0.00110537435719509
27.1053218247687;0.199361564127986;0.00111204749635992
27.1308807162247;0.199338389266918;0.00111980921025333
27.1564396076807;0.199317430987155;0.00112873154735921
27.1819984991367;0.199298566893449;0.00113887966195174
27.2075573905927;0.199281669615066;0.00115031160816623
27.2331162820487;0.199266610140472;0.00116307833569101
27.2586751735047;0.199253260356266;0.00117722387470491
27.2842340649607;0.199241494943401;0.00119278568533396
27.3097929564167;0.199231192757177;0.0012097951409294
27.3353518478727;0.19922223779429;0.00122827811315241
27.3609107393287;0.199214519832385;0.00124825562806173
27.3864696307847;0.199207934811457;0.00126974456483912
27.4120285222407;0.199202385014004;0.00129275837124431
27.4375874136967;0.199197779090281;0.0013173077719468
27.4631463051527;0.199194031966029;0.00134340144719892
27.4887051966087;0.199191064663054;0.0013710466599918
27.5142640880647;0.1991888040569;0.00140024980986691
27.5398229795207;0.199187182591046;0.0014310168912733
27.5653818709767;0.199186137962866;0.00146335383395146
27.5909407624327;0.199185612793452;0.00149726670248572
27.6164996538887;0.199185554290338;0.00153276173232603
27.6420585453447;0.199185913910469;0.00156984518024587
27.6676174368007;0.199186647028153;0.0016085229689272
27.6931763282567;0.199187712612027;0.0016488001081085
27.7187352197127;0.199189072913448;0.00169067987893691
27.7442941111687;0.19919069316773;0.00173416277382902
27.7698530026247;0.199192541309331;0.00177924519167684
27.7954118940807;0.199194587700836;0.00182591789743683
27.8209707855367;0.199196804875944;0.00187416426644639
27.8465296769927;0.199199167295755;0.0019239583468277
27.8720885684487;0.199201651117812;0.00197526278848931
27.8976474599047;0.19920423397719;0.00202802670399443
27.9232063513607;0.199206894778988;0.00208218354517069
27.9487652428167;0.199209613501659;0.00213764909953499
27.9743241342727;0.199212371011037;0.0021943197322469
27.9998830257287;0.199215148884694;0.00225207102254455
28.0254419171847;0.199217929247362;0.00231075696826597
28.0510008086407;0.199220694617766;0.00237020995845377
28.0765597000967;0.199223427768219;0.00243024174216504
28.1021185915527;0.199226111598356;0.00249064565199591
28.1276774830087;0.199228729024853;0.00255120037341023
28.1532363744647;0.199231262889127;0.00261167558615795
28.1787952659207;0.199233695885182;0.00267183984133897
28.2043541573767;0.199236010509087;0.00273147107632181
28.2299130488327;0.199238189031718;0.00279037020758829
28.2554719402887;0.199240213494687;0.00284837827502728
28.2810308317447;0.199242065728558;0.00290539763397661
28.3065897232007;0.199243727390231;0.00296141769349125
28.3321486146567;0.199245180014848;0.00301654566591648
28.3577075061127;0.199246405074766;0.00307104270263627
28.3832663975687;0.199247384037476;0.00312536561446985
28.4088252890247;0.199248098413213;0.00318021407498351
28.4343841804807;0.199248529786;0.00323658273669805
28.4599430719367;0.199248659827254;0.00329581700916863
28.4855019633927;0.1992484703036;0.0033596703219802
28.5110608548488;0.199247943109558;0.00343035953131488
28.5366197463048;0.199247060383769;0.00351061380432907
28.5621786377608;0.199245804804482;0.00360371102588422
28.5877375292168;0.199244160201483;0.00371349485284229
28.6132964206728;0.199242112662902;0.00384436544672627
28.6388553121288;0.199239652343437;0.00400123810026283
28.6644142035848;0.199236776181535;0.00418946666976688
28.6899730950408;0.199233491689866;0.00441473268667464
28.7155319864968;0.199229821885976;0.00468290540273174
28.7410908779528;0.199225811273387;0.00499988157902366
28.7666497694088;0.19922153257921;0.00537141543738047
28.7922086608648;0.199217093723654;0.00580294842955276
28.8177675523208;0.19921264426621;0.00629944586118253
28.8433264437768;0.199208380372399;0.00686524411951067
28.8688853352328;0.199204547196541;0.0075039095824065
28.8944442266888;0.199201437511849;0.00821810912836388
28.9200031181448;0.19919938547305;0.00900949285998767
28.9455620096008;0.199198754626937;0.00987859208171732
28.9711209010568;0.19919991976287;0.010824739356477
28.9966797925128;0.199203242993859;0.0118460220334932
29.0222386839688;0.199209045618006;0.0129392850754347
29.0477975754248;0.199217578755254;0.0141002016975145
29.0733564668808;0.199228997187879;0.0153234286205987
29.0989153583368;0.199243341652381;0.0166028533568112
29.1244742497928;0.199260534228807;0.017931922017052
29.1500331412488;0.199280388914728;0.0193040108578097
29.1755920327048;0.199302635409597;0.0207127837672783
29.2011509241608;0.199326950287768;0.0221524749014147
29.2267098156168;0.199352988160855;0.0236180566138408
29.2522687070728;0.199380406876658;0.0251052880614424
29.2778275985288;0.199408884082667;0.0266106706688091
29.3033864899848;0.199438125601456;0.0281313500225966
29.3289453814408;0.199467867775178;0.0296650000303128
29.3545042728968;0.199497876214879;0.0312097129235745
29.3800631643528;0.199527942867894;0.032763906259235
29.4056220558088;0.199557882603151;0.0343262494736075
29.4311809472648;0.199587529933913;0.0358956080950173
29.4567398387208;0.199616736127148;0.037471002164901
29.4822987301768;0.199645366754125;0.0390515753998894
29.5078576216328;0.199673299651272;0.0406365722175172
29.5334165130888;0.199700423236879;0.042225320452913
29.5589754045448;0.199726635130319;0.0438172182096316
29.5845342960008;0.199751841034178;0.045411723761246
29.6100931874568;0.199775953853713;0.0470083477624338
29.6356520789128;0.19979889304276;0.0486066472678584
29.6612109703688;0.199820584178089;0.050206221225116
29.6867698618248;0.199840958776549;0.0518067072271945
29.7123287532808;0.199859954381602;0.0534077793981071
29.7378876447368;0.199877514958731;0.0550091473536631
29.7634465361928;0.199893591652545;0.0566105562334069
29.7890054276488;0.199908143971121;0.0582117878407364
29.8145643191048;0.199921141472165;0.0598126629484374
29.8401232105608;0.19993256602191;0.0614130448075791
29.8656821020168;0.199942414665769;0.0630128438010351
29.8912409934728;0.199950703060089;0.064612022945501
29.9167998849288;0.199957469226182;0.0662106034869304
29.9423587763848;0.199962777068486;0.0678086691067345
29.9679176678408;0.199966718678903;0.0694063663873912
29.9934765592968;0.1999694141328;0.0710038986898768
30.0190354507528;0.199971007657895;0.072601511381368
30.0445943422088;0.199971660021903;0.0741994690333894
30.0701532336648;0.199971538434366;0.0757980288406298
30.0957121251208;0.19997080627416;0.0773974165444443
30.1212710165768;0.199969614838411;0.0789978098649615
30.1468299080328;0.199968098250914;0.0805993310069307
30.1723887994888;0.199966371444531;0.0822020467743149
30.1979476909449;0.199964530387272;0.083805973537458
30.2235065824009;0.199962653572451;0.0854110844275992
30.2490654738569;0.199960803990339;0.0870173168724495
30.2746243653129;0.199959031090724;0.0886245793998589
30.3001832567689;0.199957372514513;0.0902327573173048
30.3257421482249;0.19995585557761;0.0918417173450572
30.3513010396809;0.199954498595034;0.0934513114869157
30.3768599311369;0.199953312127401;0.0950613803794406
30.4024188225929;0.1999523001657;0.0966717562039715
30.4279777140489;0.199951461226968;0.0982822651519838
30.4535366055049;0.199950789348576;0.0998927294657963
30.4790954969609;0.199950275010663;0.101502969151046
30.5046543884169;0.199949906026934;0.103112803467839
30.5302132798729;0.1999496684124;0.104722052236522
30.5557721713289;0.19994954719044;0.106330536907934
30.5813310627849;0.199949527079154;0.107938081313872
30.6068899542409;0.199949593011177;0.109544512046783
30.6324488456969;0.199949730478235;0.111149658487801
30.6580077371529;0.199949925731652;0.11275335256731
30.6835666286089;0.199950165893244;0.114355428372875
30.7091255200649;0.199950439031684;0.115955721707983
30.7346844115209;0.199950734240306;0.117554069663316
30.7602433029769;0.199951041726199;0.119150310214236
30.7858021944329;0.199951352900302;0.120744281823299
30.8113610858889;0.199951660448308;0.12233582301469
30.8369199773449;0.19995195836495;0.123924771892974
30.8624788688009;0.199952241941801;0.125510965593701
30.8880377602569;0.199952507708005;0.127094239668581
30.9135966517129;0.19995275333183;0.128674427419209
30.9391555431689;0.199952977494856;0.13025135919919
30.9647144346249;0.199953179752871;0.131824861703772
30.9902733260809;0.199953360394308;0.13339475726203
31.0158322175369;0.199953520304519;0.134960863138725
31.0413911089929;0.199953660838643;0.136522990846627
31.0669500004489;0.199953783703387;0.138080945465108
31.0925088919049;0.199953890846833;0.139634524959269
31.1180677833609;0.199953984355309;0.141183519495046
31.1436266748169;0.199954066358147;0.142727710747277
31.1691855662729;0.199954138941672;0.144266871198913
31.1947444577289;0.199954204073582;0.145800763429421
31.2203033491849;0.199954263538117;0.147329139389126
31.2458622406409;0.199954318880882;0.148851739654299
31.2714211320969;0.199954371361433;0.150368292656785
31.2969800235529;0.199954421911017;0.151878513881715
31.3225389150089;0.199954471094175;0.153382105027817
31.3480978064649;0.199954519073726;0.154878753126601
31.3736566979209;0.199954565580991;0.156368129618461
31.3992155893769;0.199954609894229;0.157849889385363
31.4247744808329;0.199954650830286;0.159323669740259
31.4503333722889;0.199954686754789;0.160789089373498
31.4758922637449;0.199954715617043;0.162245747255585
31.5014511552009;0.199954735016331;0.163693221493935
31.5270100466569;0.199954742306172;0.165131068139894
31.5525689381129;0.199954734744;0.166558819939915
31.5781278295689;0.19995470969477;0.16797598502316
31.6036867210249;0.199954664898938;0.169382045516187
31.6292456124809;0.199954598818467;0.170776456074487
31.6548045039369;0.199954511080105;0.172158642321019
31.6803633953929;0.199954403042197;0.173527999183171
31.7059222868489;0.199954278520975;0.174883889121513
31.7314811783049;0.199954144721862;0.176225640243521
31.7570400697609;0.199954013425287;0.17755254428774
31.782598961217;0.199953902464867;0.178863854435285
31.808157852673;0.199953837484601;0.180158782833877
31.833716744129;0.199953853829789;0.181436497560636
31.859275635585;0.199953998138212;0.182696118426607
31.884834527041;0.199954328613945;0.183936710401772
31.910393418497;0.199954911841528;0.185157272266898
31.935952309953;0.199955811882168;0.186356715935585
31.961511201409;0.19995706346699;0.187533827932312
31.987070092865;0.199958613837544;0.188687197262066
32.012628984321;0.199960844410731;0.189814825557145
32.038187875777;0.1999638611504;0.19091452945284
32.063746767233;0.199967190648921;0.191984021007577
32.089305658689;0.199969833670656;0.193020341848914
32.114864550145;0.199969672257809;0.194019262545343
32.140423441601;0.199962695474601;0.194974513862245
32.165982333057;0.199942593148316;0.195877408317728
32.191541224513;0.199901228938236;0.196717347172084
32.217100115969;0.199829261882455;0.197482455421802
32.242659007425;0.19971662127021;0.198160059194872
32.268217898881;0.199553543766216;0.198737715901872
32.293776790337;0.199332556442529;0.199205168506858
32.319335681793;0.199051176081737;0.199556986886337
32.344894573249;0.198714606521874;0.199795186257724
32.370453464705;0.198337421911086;0.199930836279092
32.396012356161;0.197943700692613;0.19998415437754
32.421571247617;0.19756922203504;0.199986789194344
32.447130139073;0.197255778312334;0.19997615097348
32.472689030529;0.197021369604543;0.199966006580222
32.498247921985;0.196872392182023;0.199958987416809
32.523806813441;0.196812976332608;0.199956288359634
32.549365704897;0.19684549304911;0.199958445689284
32.574924596353;0.196970137569057;0.199965162991596
32.600483487809;0.197184010885371;0.199974582944701
32.626042379265;0.197478990295972;0.199981258265579
32.651601270721;0.197837146558897;0.199971554884426
32.677160162177;0.198227339046612;0.199920066180013
32.702719053633;0.198626188502959;0.19981048710281
32.728277945089;0.199072590860489;0.199690916312145
32.753836836545;0.199473444063777;0.199473425358344
32.779395728001;0.2;0.2
32.829395728001;0.2;0.2
32.879395728001;0.2;0.2
32.929395728001;0.2;0.2
32.979395728001;0.2;0.2
33.029395728001;0.2;0.2
33.079395728001;0.2;0.2
33.129395728001;0.2;0.2
33.179395728001;0.2;0.2
33.229395728001;0.2;0.2
33.279395728001;0.2;0.2
33.329395728001;0.2;0.2
33.379395728001;0.2;0.2
33.429395728001;0.2;0.2
33.479395728001;0.2;0.2
33.529395728001;0.2;0.2
33.579395728001;0.2;0.2
33.629395728001;0.2;0.2
33.679395728001;0.2;0.2
33.729395728001;0.2;0.2
33.779395728001;0.2;0.2
33.829395728001;0.2;0.2
33.879395728001;0.2;0.2
33.929395728001;0.2;0.2
33.979395728001;0.2;0.2
34.029395728001;0.2;0.2
34.079395728001;0.2;0.2
34.129395728001;0.2;0.2
34.179395728001;0.2;0.2
34.229395728001;0.2;0.2
34.279395728001;0.2;0.2
34.329395728001;0.2;0.2
34.379395728001;0.2;0.2
34.429395728001;0.2;0.2
34.479395728001;0.2;0.2
34.529395728001;0.2;0.2
34.579395728001;0.2;0.2
34.629395728001;0.2;0.2
34.679395728001;0.2;0.2
34.729395728001;0.2;0.2
34.779395728001;0.2;0.2
34.829395728001;0.2;0.2
34.879395728001;0.2;0.2
34.929395728001;0.2;0.2
34.979395728001;0.2;0.2
35.029395728001;0.2;0.2
35.079395728001;0.2;0.2
35.129395728001;0.2;0.2
35.179395728001;0.2;0.2
35.229395728001;0.2;0.2
35.279395728001;0.2;0.2
35.329395728001;0.2;0.2
35.379395728001;0.2;0.2
35.429395728001;0.2;0.2
35.479395728001;0.2;0.2
35.529395728001;0.2;0.2
35.579395728001;0.2;0.2
35.629395728001;0.2;0.2
35.679395728001;0.2;0.2
35.729395728001;0.2;0.2
35.779395728001;0.2;0.2
35.829395728001;0.2;0.2
35.879395728001;0.2;0.2
35.929395728001;0.2;0.2
35.979395728001;0.2;0.2
36.029395728001;0.2;0.2
36.079395728001;0.2;0.2
36.129395728001;0.2;0.2
36.179395728001;0.2;0.2
36.229395728001;0.2;0.2
36.279395728001;0.2;0.2
36.329395728001;0.2;0.2
36.379395728001;0.2;0.2
36.429395728001;0.2;0.2
36.479395728001;0.2;0.2
36.529395728001;0.2;0.2
36.579395728001;0.2;0.2
36.629395728001;0.2;0.2
36.679395728001;0.2;0.2
36.729395728001;0.2;0.2
36.779395728001;0.2;0.2
36.829395728001;0.2;0.2
36.879395728001;0.2;0.2
36.929395728001;0.2;0.2
36.979395728001;0.2;0.2
37.029395728001;0.2;0.2
37.079395728001;0.2;0.2
37.129395728001;0.2;0.2
37.179395728001;0.2;0.2
37.229395728001;0.2;0.2
37.279395728001;0.2;0.2
37.329395728001;0.2;0.2
37.379395728001;0.2;0.2
37.429395728001;0.2;0.2
37.479395728001;0.2;0.2
37.529395728001;0.2;0.2
37.579395728001;0.2;0.2
37.629395728001;0.2;0.2
37.679395728001;0.2;0.2
37.729395728001;0.2;0.2
37.779395728001;0.2;0.2
37.829395728001;0.2;0.2
37.879395728001;0.2;0.2
37.929395728001;0.2;0.2
37.979395728001;0.2;0.2
38.029395728001;0.2;0.2
38.079395728001;0.2;0.2
38.129395728001;0.2;0.2
38.179395728001;0.2;0.2
38.229395728001;0.2;0.2
38.279395728001;0.2;0.2
38.329395728001;0.2;0.2
38.379395728001;0.2;0.2
38.429395728001;0.2;0.2
38.479395728001;0.2;0.2
38.529395728001;0.2;0.2
38.579395728001;0.2;0.2
38.629395728001;0.2;0.2
38.679395728001;0.2;0.2
38.729395728001;0.2;0.2
38.779395728001;0.2;0.2
38.829395728001;0.2;0.2
38.879395728001;0.2;0.2
38.929395728001;0.2;0.2
38.979395728001;0.2;0.2
39.029395728001;0.2;0.2
39.079395728001;0.2;0.2
39.129395728001;0.2;0.2
39.179395728001;0.2;0.2
39.229395728001;0.2;0.2
39.279395728001;0.2;0.2
39.329395728001;0.2;0.2
39.379395728001;0.2;0.2
39.429395728001;0.2;0.2
39.479395728001;0.2;0.2
39.529395728001;0.2;0.2
39.579395728001;0.2;0.2
39.629395728001;0.2;0.2
39.679395728001;0.2;0.2
39.729395728001;0.2;0.2
39.779395728001;0.2;0.2
39.829395728001;0.2;0.2
39.879395728001;0.2;0.2
39.929395728001;0.2;0.2
39.979395728001;0.2;0.2
40.029395728001;0.2;0.2
40.079395728001;0.2;0.2
40.129395728001;0.2;0.2
40.179395728001;0.2;0.2
40.229395728001;0.2;0.2
40.279395728001;0.2;0.2
40.329395728001;0.2;0.2
40.379395728001;0.2;0.2
40.429395728001;0.2;0.2
40.479395728001;0.2;0.2
40.529395728001;0.2;0.2
40.579395728001;0.2;0.2
40.629395728001;0.2;0.2
40.679395728001;0.2;0.2
40.729395728001;0.2;0.2
40.779395728001;0.2;0.2
40.829395728001;0.2;0.2
40.879395728001;0.2;0.2
40.929395728001;0.2;0.2
40.979395728001;0.2;0.2
41.029395728001;0.2;0.2
41.079395728001;0.2;0.2
41.129395728001;0.2;0.2
41.179395728001;0.2;0.2
41.229395728001;0.2;0.2
41.279395728001;0.2;0.2
41.329395728001;0.2;0.2
41.379395728001;0.2;0.2
41.429395728001;0.2;0.2
41.479395728001;0.2;0.2
41.529395728001;0.2;0.2
41.579395728001;0.2;0.2
41.629395728001;0.2;0.2
41.679395728001;0.2;0.2
41.729395728001;0.2;0.2
41.779395728001;0.2;0.2
41.829395728001;0.2;0.2
41.879395728001;0.2;0.2
41.929395728001;0.2;0.2
41.979395728001;0.2;0.2
42.029395728001;0.2;0.2
42.079395728001;0.2;0.2
42.129395728001;0.2;0.2
42.179395728001;0.2;0.2
42.229395728001;0.2;0.2
42.279395728001;0.2;0.2
42.329395728001;0.2;0.2
42.379395728001;0.2;0.2
42.429395728001;0.2;0.2
42.479395728001;0.2;0.2
42.529395728001;0.2;0.2
42.579395728001;0.2;0.2
42.629395728001;0.2;0.2
42.679395728001;0.2;0.2
42.729395728001;0.2;0.2
42.779395728001;0.2;0.2
42.829395728001;0.2;0.2
42.879395728001;0.2;0.2
42.929395728001;0.2;0.2
42.979395728001;0.2;0.2
43.029395728001;0.2;0.2
43.079395728001;0.2;0.2
43.129395728001;0.2;0.2
43.179395728001;0.2;0.2
43.229395728001;0.2;0.2
43.279395728001;0.2;0.2
43.329395728001;0.2;0.2
43.379395728001;0.2;0.2
43.429395728001;0.2;0.2
43.479395728001;0.2;0.2
43.529395728001;0.2;0.2
43.579395728001;0.2;0.2
43.629395728001;0.2;0.2
43.679395728001;0.2;0.2
43.729395728001;0.2;0.2
43.779395728001;0.2;0.2
43.829395728001;0.2;0.2
43.879395728001;0.2;0.2
43.929395728001;0.2;0.2
43.979395728001;0.2;0.2
44.029395728001;0.2;0.2
44.079395728001;0.2;0.2
44.129395728001;0.2;0.2
44.179395728001;0.2;0.2
44.229395728001;0.2;0.2
44.279395728001;0.2;0.2
44.329395728001;0.2;0.2
44.379395728001;0.2;0.2
44.429395728001;0.2;0.2
44.479395728001;0.2;0.2
44.529395728001;0.2;0.2
44.579395728001;0.2;0.2
44.629395728001;0.2;0.2
44.679395728001;0.2;0.2
44.729395728001;0.2;0.2
44.779395728001;0.2;0.2
44.829395728001;0.2;0.2
44.879395728001;0.2;0.2
44.929395728001;0.2;0.2
44.979395728001;0.2;0.2
45.029395728001;0.2;0.2
45.079395728001;0.2;0.2
45.129395728001;0.2;0.2
45.179395728001;0.2;0.2
45.229395728001;0.2;0.2
45.279395728001;0.2;0.2
45.329395728001;0.2;0.2
45.379395728001;0.2;0.2
45.429395728001;0.2;0.2
45.479395728001;0.2;0.2
45.529395728001;0.2;0.2
45.579395728001;0.2;0.2
45.629395728001;0.2;0.2
45.679395728001;0.2;0.2
45.729395728001;0.2;0.2
45.779395728001;0.2;0.2
45.829395728001;0.2;0.2
45.879395728001;0.2;0.2
45.929395728001;0.2;0.2
45.979395728001;0.2;0.2
46.029395728001;0.2;0.2
46.079395728001;0.2;0.2
46.129395728001;0.2;0.2
46.179395728001;0.2;0.2
46.229395728001;0.2;0.2
46.279395728001;0.2;0.2
46.329395728001;0.2;0.2
46.379395728001;0.2;0.2
46.429395728001;0.2;0.2
46.479395728001;0.2;0.2
46.529395728001;0.2;0.2
46.579395728001;0.2;0.2
46.629395728001;0.2;0.2
46.679395728001;0.2;0.2
46.729395728001;0.2;0.2
46.779395728001;0.2;0.2
46.829395728001;0.2;0.2
46.879395728001;0.2;0.2
46.929395728001;0.2;0.2
46.979395728001;0.2;0.2
47.029395728001;0.2;0.2
47.079395728001;0.2;0.2
47.129395728001;0.2;0.2
47.179395728001;0.2;0.2
47.229395728001;0.2;0.2
47.279395728001;0.2;0.2
47.329395728001;0.2;0.2
47.379395728001;0.2;0.2
47.429395728001;0.2;0.2
47.479395728001;0.2;0.2
47.529395728001;0.2;0.2
47.579395728001;0.2;0.2
47.629395728001;0.2;0.2
47.679395728001;0.2;0.2
47.729395728001;0.2;0.2
47.779395728001;0.2;0.2
47.829395728001;0.2;0.2
47.879395728001;0.2;0.2
47.929395728001;0.2;0.2
47.979395728001;0.2;0.2
48.029395728001;0.2;0.2
48.079395728001;0.2;0.2
48.129395728001;0.2;0.2
48.179395728001;0.2;0.2
48.229395728001;0.2;0.2
48.279395728001;0.2;0.2
48.329395728001;0.2;0.2
48.379395728001;0.2;0.2
48.429395728001;0.2;0.2
48.479395728001;0.2;0.2
48.529395728001;0.2;0.2
48.579395728001;0.2;0.2
48.629395728001;0.2;0.2
48.679395728001;0.2;0.2
48.729395728001;0.2;0.2
48.779395728001;0.2;0.2
48.829395728001;0.2;0.2
48.879395728001;0.2;0.2
48.929395728001;0.2;0.2
48.979395728001;0.2;0.2
49.029395728001;0.2;0.2
49.079395728001;0.2;0.2
49.129395728001;0.2;0.2
49.179395728001;0.2;0.2
49.229395728001;0.2;0.2
49.279395728001;0.2;0.2
49.329395728001;0.2;0.2
49.379395728001;0.2;0.2
49.429395728001;0.2;0.2
49.479395728001;0.2;0.2
49.529395728001;0.2;0.2
49.579395728001;0.2;0.2
49.629395728001;0.2;0.2
49.679395728001;0.2;0.2
49.729395728001;0.2;0.2
49.779395728001;0.2;0.2
49.829395728001;0.2;0.2
49.879395728001;0.2;0.2
49.929395728001;0.2;0.2
49.979395728001;0.2;0.2
50.029395728001;0.2;0.2
50.079395728001;0.2;0.2
50.129395728001;0.2;0.2
50.179395728001;0.2;0.2
50.229395728001;0.2;0.2
50.279395728001;0.2;0.2
50.329395728001;0.2;0.2
50.379395728001;0.2;0.2
50.429395728001;0.2;0.2
50.479395728001;0.2;0.2
50.529395728001;0.2;0.2
50.579395728001;0.2;0.2
50.629395728001;0.2;0.2
50.679395728001;0.2;0.2
50.729395728001;0.2;0.2
50.779395728001;0.2;0.2
50.829395728001;0.2;0.2
50.879395728001;0.2;0.2
50.929395728001;0.2;0.2
50.979395728001;0.2;0.2
51.029395728001;0.2;0.2
51.079395728001;0.2;0.2
51.129395728001;0.2;0.2
51.179395728001;0.2;0.2
51.229395728001;0.2;0.2
51.279395728001;0.2;0.2
51.329395728001;0.2;0.2
51.379395728001;0.2;0.2
51.429395728001;0.2;0.2
51.479395728001;0.2;0.2
51.529395728001;0.2;0.2
51.579395728001;0.2;0.2
51.629395728001;0.2;0.2
51.679395728001;0.2;0.2
51.729395728001;0.2;0.2
51.779395728001;0.2;0.2
51.829395728001;0.2;0.2
51.879395728001;0.2;0.2
51.929395728001;0.2;0.2
51.979395728001;0.2;0.2
52.029395728001;0.2;0.2
52.079395728001;0.2;0.2
52.129395728001;0.2;0.2
52.179395728001;0.2;0.2
52.229395728001;0.2;0.2
52.279395728001;0.2;0.2
52.329395728001;0.2;0.2
52.379395728001;0.2;0.2
52.429395728001;0.2;0.2
52.479395728001;0.2;0.2
52.529395728001;0.2;0.2
52.579395728001;0.2;0.2
52.629395728001;0.2;0.2
52.679395728001;0.2;0.2
52.729395728001;0.2;0.2
52.779395728001;0.2;0.2
